{
  "project_info": {
    "project_number": "889458208124",
    "project_id": "beautifierapp",
    "storage_bucket": "beautifierapp.appspot.com"
  },
  "client": [
    {
      "client_info": {
        "mobilesdk_app_id": "1:889458208124:android:3dbe487c081b069f1108f9",
        "android_client_info": {
          "package_name": "com.beautifier.user"
        }
      },
      "oauth_client": [],
      "api_key": [
        {
          "current_key": "AIzaSyBKEi_BkOsf2awgv41cEV75oK_6j983Z2g"
        }
      ],
      "services": {
        "appinvite_service": {
          "other_platform_oauth_client": []
        }
      }
    }
  ],
  "configuration_version": "1"
}