{
  "project_info": {
    "project_number": "1058750435667",
    "project_id": "beautifier-ksa",
    "storage_bucket": "beautifier-ksa.appspot.com"
  },
  "client": [
    {
      "client_info": {
        "mobilesdk_app_id": "1:1058750435667:android:ce668491eac1d63f3ed1a6",
        "android_client_info": {
          "package_name": "com.beautifier.provider"
        }
      },
      "oauth_client": [
        {
          "client_id": "1058750435667-ifdmp1i40iotfc97vctte96kleahsq07.apps.googleusercontent.com",
          "client_type": 1,
          "android_info": {
            "package_name": "com.beautifier.provider",
            "certificate_hash": "11067b2d29710df0aff8421348dd229369a169ec"
          }
        },
        {
          "client_id": "1058750435667-0jl9ik0ni9d991vse851nfj9o0beob67.apps.googleusercontent.com",
          "client_type": 3
        }
      ],
      "api_key": [
        {
          "current_key": "AIzaSyBMA_ydVZDs2r7MJrRtHtEnL0E77NPA7pk"
        }
      ],
      "services": {
        "appinvite_service": {
          "other_platform_oauth_client": [
            {
              "client_id": "1058750435667-0jl9ik0ni9d991vse851nfj9o0beob67.apps.googleusercontent.com",
              "client_type": 3
            }
          ]
        }
      }
    },
    {
      "client_info": {
        "mobilesdk_app_id": "1:1058750435667:android:3ed3fb09ef246bd83ed1a6",
        "android_client_info": {
          "package_name": "com.beautifier.user"
        }
      },
      "oauth_client": [
        {
          "client_id": "1058750435667-0jl9ik0ni9d991vse851nfj9o0beob67.apps.googleusercontent.com",
          "client_type": 3
        }
      ],
      "api_key": [
        {
          "current_key": "AIzaSyBMA_ydVZDs2r7MJrRtHtEnL0E77NPA7pk"
        }
      ],
      "services": {
        "appinvite_service": {
          "other_platform_oauth_client": [
            {
              "client_id": "1058750435667-0jl9ik0ni9d991vse851nfj9o0beob67.apps.googleusercontent.com",
              "client_type": 3
            }
          ]
        }
      }
    },
    {
      "client_info": {
        "mobilesdk_app_id": "1:1058750435667:android:4189fa52846c8b3a3ed1a6",
        "android_client_info": {
          "package_name": "com.beautifier.users"
        }
      },
      "oauth_client": [
        {
          "client_id": "1058750435667-9kq2cen2l2f5e6kqq75trtvcf50qf2t4.apps.googleusercontent.com",
          "client_type": 1,
          "android_info": {
            "package_name": "com.beautifier.users",
            "certificate_hash": "11067b2d29710df0aff8421348dd229369a169ec"
          }
        },
        {
          "client_id": "1058750435667-0jl9ik0ni9d991vse851nfj9o0beob67.apps.googleusercontent.com",
          "client_type": 3
        }
      ],
      "api_key": [
        {
          "current_key": "AIzaSyBMA_ydVZDs2r7MJrRtHtEnL0E77NPA7pk"
        }
      ],
      "services": {
        "appinvite_service": {
          "other_platform_oauth_client": [
            {
              "client_id": "1058750435667-0jl9ik0ni9d991vse851nfj9o0beob67.apps.googleusercontent.com",
              "client_type": 3
            }
          ]
        }
      }
    }
  ],
  "configuration_version": "1"
}